,mem_request_avg_container,mem_request_sum_container,mem_limit_avg_container,mem_limit_sum_container,mem_usage_sum_container,mem_usage_avg_container,mem_usage_max_container,mem_usage_min_container,mem_rss_sum_container,mem_rss_avg_container,mem_rss_max_container,mem_rss_min_container
,"4096000000","12288000000",,,"8095722859.354838","1349287143.2258062","3061706752","0","7507443844.129031","1251240640.6881719","2870751232","0"
,"4096000000","12288000000",,,"7798638658.064518","1299773109.6774194","3054362624","0","7211977827.096776","1201996304.5161293","2864717824","0"
,"4096000000","12288000000",,,"7912670241.032257","1318778373.505376","3057025024","0","7325219806.967743","1220869967.8279572","2866753536","0"
,"4096000000","12288000000",,,"8917648020.64516","1486274670.1075265","3884769280","0","8302834192.516129","1383805698.7526882","3681402880","0"
,"4096000000","12288000000",,,"9428469958.19355","1571411659.6989248","3871784960","0","8789722805.67742","1464953800.9462368","3657330688","0"
,"4096000000","12288000000",,,"9424601616.516129","1570766936.0860217","3983347712","0","8776426529.032259","1462737754.8387098","3771109376","0"
,"4096000000","12288000000",,,"9514607120.516129","1585767853.4193547","3970281472","0","8857557982.967743","1476259663.8279572","3759054848","0"
,"4096000000","12288000000",,,"9556140120.086021","1592690020.0143368","3734532096","0","8891945426.855913","1481990904.4759855","3511705600","0"
,"4096000000","12288000000",,,"9520616344.498926","1586769390.7498212","4002689024","0","8854394285.419353","1475732380.9032254","3775782912","0"
,"4096000000","12288000000",,,"9548996872.258064","1591499478.7096772","3764350976","0","8871643994.83871","1478607332.4731185","3534749696","0"
,"4096000000","12288000000",,,"9644845518.451612","1607474253.0752687","3994800128","0","8958246383.48387","1493041063.9139783","3768737792","0"
,"4096000000","12288000000",,,"9605095556.129032","1600849259.3548388","3745898496","0","8909659499.354837","1484943249.8924727","3510910976","0"
,"4096000000","12288000000",,,"9598069198.45161","1599678199.7419353","3836010496","0","8893165700.129032","1482194283.3548386","3596009472","0"
,"4096000000","12288000000",,,"9707385096.258064","1617897516.043011","4020178944","0","8993152627.612904","1498858771.2688172","3776884736","0"
,"4096000000","12288000000",,,"9578601835.354837","1596433639.2258065","3751505920","0","8855007892.64516","1475834648.7741935","3514368000","0"
,"4096000000","12288000000",,,"9723579623.225807","1620596603.870968","3888406528","0","9080364923.870968","1513394153.9784946","3677188096","0"
,"4096000000","12288000000",,,"9810140126.967743","1635023354.4946237","4474179584","0","9193540442.83871","1532256740.4731183","4270813184","0"
,"4096000000","12288000000",,,"9673622693.161291","1612270448.8602152","4449431552","0","9060182874.83871","1510030479.139785","4245942272","0"
,"4096000000","12288000000",,,"9750750637.419353","1625125106.2365592","4207034368","0","9122673432.774193","1520445572.1290321","4001837056","0"
,"4096000000","12288000000",,,"9742265310.967743","1623710885.1612906","4473786368","0","9130093799.225805","1521682299.8709676","4270333952","0"
,"4096000000","12288000000",,,"9720042000.516129","1620007000.0860214","3826442240","0","9111372040.258064","1518562006.7096775","3621838848","0"
,"4096000000","12288000000",,,"9722328889.80645","1620388148.3010752","3836502016","0","9115657645.419353","1519276274.2365592","3633266688","0"
,"4096000000","12288000000",,,"9858842227.612902","1643140371.2688167","4278210560","0","9250564294.193548","1541760715.6989248","4073009152","0"
,"4096000000","12288000000",,,"9752137463.741934","1625356243.956989","4014026752","0","9145708676.129032","1524284779.3548386","3812081664","0"
,"4096000000","12288000000",,,"9838790986.32258","1639798497.72043","4081344512","0","9220657548.387098","1536776258.0645163","3879198720","0"
,"4096000000","12288000000",,,"10039196110.451614","1673199351.7419357","4320145408","0","9426856398.451612","1571142733.0752687","4120891392","0"
,"4096000000","12288000000",,,"9991704972.387098","1665284162.0645163","4397277184","0","9369383176.258064","1561563862.7096777","4195426304","0"
,"4096000000","12288000000",,,"8621688633.806452","1436948105.6344087","4095352832","0","8022931389.935484","1337155231.655914","3894681600","0"
,"4096000000","12288000000",,,"8231102265.806452","1371850377.6344085","2865397760","0","7633904144.516129","1272317357.4193547","2668724224","0"
,"4096000000","12288000000",,,"8245244564.645162","1374207427.4408603","2861617152","0","7648092424.258065","1274703911.6387095","2665545728","0"
,"4096000000","12288000000",,,"8255260918.6408615","1375876819.7734768","2908983296","0","7660728245.126883","1276788040.8544803","2715963392","0"
,"4096000000","12288000000",,,"8244794401.032257","1374132400.1720426","2878984192","0","7651001244.903227","1275166874.150538","2686332928","0"
,"4096000000","12288000000",,,"8250797022.967743","1375132837.1612902","2851897344","0","7656839894.709678","1276139982.451613","2650767360","0"
,"4096000000","12288000000",,,"8226390280.258063","1371065046.709677","2816651264","0","7632690803.612904","1272115133.935484","2625961984","0"
,"4096000000","12288000000",,,"8247429450.322582","1374571575.0537639","2833260544","0","7653614228.64516","1275602371.44086","2633723904","0"
,"4096000000","12288000000",,,"8244856105.290323","1374142684.215054","2877341696","0","7651179751.225806","1275282690.385663","2682847232","0"
,"4096000000","12288000000",,,"8236557538.821505","1372759589.803584","2857979904","0","7644402672.584946","1274067112.097491","2665615360","0"
,"4096000000","12288000000",,,"8246437029.161291","1374406171.526882","2877587456","0","7653389609.290321","1275564934.88172","2684784640","0"
,"4096000000","12288000000",,,"8244619197.935484","1374103199.6559138","2869866496","0","7650898580.645161","1275149763.44086","2676457472","0"
,"4096000000","12288000000",,,"15413361630.96774","2568893605.16129","7468318720","0","12714167262.967743","2119027877.1612906","6196092928","0"
,"4096000000","12288000000",,,"19854807304.258064","3309134550.7096777","8159854592","0","15451046416.516129","2575174402.752688","6667776000","0"
,"4096000000","12288000000",,,"20989444228.129032","3498240704.688172","8247275520","0","16512268882.580643","2752044813.7634406","6817124352","0"
,"4096000000","12288000000",,,"21720736933.161293","3620122822.1935487","9455628288","0","17104475169.03226","2850745861.505377","7900983296","0"
,"4096000000","12288000000",,,"21855844682.32258","3642640780.3870964","9543921664","0","17288363239.225807","2881393873.2043014","8215244800","0"
,"4096000000","12288000000",,,"21794475371.354836","3632412561.8924727","9140903936","0","17223256658.580647","2870542776.4301076","7218896896","0"
,"4096000000","12288000000",,,"22009900263.225807","3668316710.537635","9012301824","0","17587666019.096775","2931277669.8494625","7643627520","0"
,"4096000000","12288000000",,,"22512314698.32258","3752052449.7204304","9262313472","0","17959896493.419357","2993316082.23656","7620112384","0"
,"4096000000","12288000000",,,"22140222563.09677","3690037093.849462","8843833344","0","17610835901.935482","2935139316.989247","7204282368","0"
,"4096000000","12288000000",,,"22711823062.70968","3785303843.7849464","9088565248","0","18049784270.45161","3008297378.408602","7364468736","0"
,"4096000000","12288000000",,,"22663980593.548386","3777330098.924731","9353576448","0","17857749388.387096","2976291564.731183","7647514624","0"
,"4096000000","12288000000",,,"22580838267.87097","3763473044.6451616","9770086400","0","17921471521.032257","2986911920.172043","8166699008","0"
,"4096000000","12288000000",,,"22201434376.258064","3700239062.709677","11450482688","0","17512367269.16129","2918727878.1935487","9740029952","0"
,"4096000000","12288000000",,,"21381076529.548386","3563512754.9247313","8401342464","0","16700486292.64516","2783414382.107527","6611210240","0"
,"4096000000","12288000000",,,"21520489571.096775","3586748261.849462","8066457600","0","16828905802.322578","2804817633.72043","6449192960","0"
,"4096000000","12288000000",,,"21623561182.967743","3603926863.8279567","8378920960","0","16941601032.258066","2823600172.043011","6676815872","0"
,"4096000000","12288000000",,,"21200184969.634407","3533364161.6057343","8036343808","0","16506829438.623653","2751138239.7706094","6334713856","0"
,"4096000000","12288000000",,,"21363131962.356987","3560521993.726165","8031268864","0","16669420458.11613","2778236743.0193553","6411624448","0"
,"4096000000","12288000000",,,"21308951122.580647","3551491853.763441","7871725568","0","16613943890.58065","2768990648.430108","6310510592","0"
,"4096000000","12288000000",,,"21353108909.419357","3558851484.9032264","7930114048","0","16662672284.903227","2777112047.483871","6382923776","0"
,"4096000000","12288000000",,,"21399185870.45161","3566530978.4086018","8217690112","0","16711255337.290325","2785209222.881721","6517190656","0"
,"4096000000","12288000000",,,"21426246556.90323","3571041092.8172045","8063676416","0","16738913246.967745","2789818874.494624","6514724864","0"
,"4096000000","12288000000",,,"21166771431.225803","3527795238.537634","8480743424","0","16479611870.967743","2746601978.4946237","6781042688","0"
,"4096000000","12288000000",,,"21489401195.35484","3581566865.892473","8193183744","0","16801749718.709679","2800291619.7849464","6494167040","0"
,"4096000000","12288000000",,,"24078253815.741932","4013042302.623655","10023129088","0","19357182018.064514","3226197003.010752","8298328064","0"
,"4096000000","12288000000",,,"25520553587.612907","4253425597.9354844","9905631232","0","20783516638.96774","3463919439.8279567","8269377536","0"
,"4096000000","12288000000",,,"25441060930.064514","4240176821.677419","10173534208","0","20706010409.29032","3451001734.88172","8456544256","0"
,"4096000000","12288000000",,,"25795699612.903225","4299283268.8172035","9953873920","0","21058732560.51613","3509788760.0860214","8238694400","0"
,"4096000000","12288000000",,,"25529578793.29032","4254929798.88172","10062163968","0","20792623632.51613","3465437272.086022","8500350976","0"
,"4096000000","12288000000",,,"25343388903.2258","4223898150.537633","10267090944","0","20605495494.19355","3434249249.032258","8547561472","0"
,"4096000000","12288000000",,,"25465119644.903225","4244186607.483871","10105778176","0","20725415803.870968","3454235967.311828","8388435968","0"
,"4096000000","12288000000",,,"25429138134.70968","4238189689.1182795","11027578880","0","20690010772.64516","3448335128.774194","9310068736","0"
,"4096000000","12288000000",,,"25705221615.48387","4284203602.580645","10147061760","0","20968043817.290325","3494673969.5483875","8499924992","0"
,"4096000000","12288000000",,,"25555953465.806454","4259325577.6344094","9936183296","0","20941718803.268814","3490286467.2114697","8473088000","0"
,"4096000000","12288000000",,,"25132435663.002148","4188739277.1670246","10019799040","0","20395745235.956993","3399290872.6594987","8303017984","0"
,"4096000000","12288000000",,,"25577492347.870968","4262915391.311828","10761437184","0","20839705566.967743","3473284261.1612906","9043279872","0"
,"4096000000","12288000000",,,"23920311527.225803","3986718587.8709674","9672491008","0","19179745015.741936","3196624169.2903223","8112599040","0"
,"4096000000","12288000000",,,"23487783044.129036","3914630507.35484","9132728320","0","18723336324.129032","3120556054.0215054","7415717888","0"
,"4096000000","12288000000",,,"23694530626.064514","3949088437.677419","9134600192","0","18942971375.48387","3157161895.9139786","7510601728","0"
,"4096000000","12288000000",,,"23962837784.774193","3993806297.4623656","9254555648","0","19211962434.064518","3201993739.0107527","7531732992","0"
,"4096000000","12288000000",,,"24397954279.225807","4066325713.2043014","9483005952","0","19644182924.387096","3274030487.397849","7763419136","0"
,"4096000000","12288000000",,,"24238917830.193546","4039819638.3655915","9472266240","0","19480276067.09677","3246712677.849462","7905226752","0"
,"4096000000","12288000000",,,"24462204267.354836","4077034044.55914","9368961024","0","19697795204.12903","3282965867.354838","7642673152","0"
,"4096000000","12288000000",,,"24580202231.741936","4096700371.956989","9376821248","0","19810724566.70968","3301787427.784947","7803973632","0"
,"4096000000","12288000000",,,"24789274756.129036","4131545792.688173","9642352640","0","20014335669.67742","3335722611.612904","7910346752","0"
,"4096000000","12288000000",,,"25106838825.29032","4184473137.548387","9542807552","0","20330594039.741936","3388432339.9569893","7967977472","0"
,"4096000000","12288000000",,,"25167821394.580647","4194636899.096774","9400557568","0","20385865067.354836","3397644177.892473","7779160064","0"
,"4096000000","12288000000",,,"25607952450.064514","4267992075.0107527","9768529920","0","20821512852.64516","3470252142.107527","8033226752","0"
,"4096000000","12288000000",,,"24338381526.70968","4056396921.1182795","9300582400","0","19529228816.51613","3254871469.4193544","7713062912","0"
,"4096000000","12288000000",,,"23709470984.258068","3951578497.376344","8401338368","0","18851959312.51613","3141993218.7526884","6902779904","0"
,"4096000000","12288000000",,,"23997608728.774193","3999601454.795698","8840564736","0","19093179358.967743","3182196559.827957","7066198016","0"
,"4096000000","12288000000",,,"24114277078.70968","4019046179.7849464","9029472256","0","19161849195.354836","3193641532.5591397","7234056192","0"
,"4096000000","12288000000",,,"24269447696.51613","4044907949.4193554","8689561600","0","19269103615.999996","3211517269.333333","6892683264","0"
,"4096000000","12288000000",,,"24260802361.806446","4043467060.301075","8597843968","0","19214139127.741936","3202356521.290323","7033536512","0"
,"4096000000","12288000000",,,"24350337750.709675","4058389625.1182795","9040777216","0","19259734478.45161","3209955746.408602","7209144320","0"
,"4096000000","12288000000",,,"24416278461.935486","4069629564.421506","8908017664","0","19278680839.15699","3213113473.1928315","7192973312","0"
,"4096000000","12288000000",,,"24470202174.210754","4078367029.0351257","8517226496","0","19283781460.232258","3213963576.705376","6653792256","0"
,"4096000000","12288000000",,,"24575235501.419353","4095872583.5698924","9148276736","0","19341151066.83871","3223525177.8064523","7265853440","0"
,"4096000000","12288000000",,,"24597511002.83871","4099585167.1397843","8538189824","0","19318303710.96774","3219717285.16129","6777888768","0"
,"4096000000","12288000000",,,"24625019210.32258","4104169868.387097","8548376576","0","19300074132.645157","3216679022.1075263","6637522944","0"
,"4096000000","12288000000",,,"25303501790.967743","4217250298.494624","10536706048","0","20284040753.548386","3380673458.924731","8788336640","0"
,"4096000000","12288000000",,,"25992739366.537636","4332123227.756273","10951413760","0","21181837602.68387","3530306267.1139784","9211084800","0"
,"4096000000","12288000000",,,"26045977919.31183","4336934581.67742","10668134400","0","21210743180.387096","3535123863.3978496","8931942400","0"
,"4096000000","12288000000",,,"25841094656","4306849109.333333","10485313536","0","21017916581.161293","3502986096.8602157","8901955584","0"
,"4096000000","12288000000",,,"26178016156.903225","4363002692.8172035","10959642624","0","21367128856.774193","3561188142.795699","9223303168","0"
,"4096000000","12288000000",,,"25909170043.870968","4318195007.311829","10574176256","0","21097649845.67742","3516274974.2795696","8829743104","0"
,"4096000000","12288000000",,,"25800206137.80645","4300034356.301075","10275655680","0","20990167106.064514","3498361184.3440857","8691490816","0"
,"4096000000","12288000000",,,"26097804849.54839","4349634141.591398","10458185728","0","21287186960.516132","3547864493.4193554","8818995200","0"
,"4096000000","12288000000",,,"26603409011.6129","4433901501.935484","10655997952","0","21790514803.612904","3631752467.2688165","8917979136","0"
,"4096000000","12288000000",,,"26354351599.483864","4392391933.247311","10529730560","0","21545026064.51613","3590837677.419355","8789315584","0"
,"4096000000","12288000000",,,"25944630172.903225","4324105028.8172035","10573950976","0","21134817610.322586","3522469601.720431","8829157376","0"
,"4096000000","12288000000",,,"26018576978.580647","4336429496.430108","10764595200","0","21209704646.193546","3534950774.365591","9026813952","0"
,"4096000000","12288000000",,,"38373495576.7742","6395582596.129034","18718834688","0","31361368724.645164","5226894787.440861","16790085632","0"
,"4096000000","12288000000",,,"56287938890.32258","9381323148.387096","23670730752","0","38752316515.09677","6458719419.182796","17114689536","0"
,"4096000000","12288000000",,,"67695903644.90323","11282650607.48387","26249715712","0","38669240121.80645","6444873353.634408","15433232384","0"
,"4096000000","12288000000",,,"80046404508.90323","13341067418.150536","31900438528","0","39457826089.29033","6577673006.7957","17335185408","0"
,"4096000000","12288000000",,,"89017619224.7742","14803930418.098927","35069632512","0","39126168476.90323","6521028079.4838705","17154473984","0"
,"4096000000","12288000000",,,"93614588062.55484","15602431343.759142","36125896704","0","38595487193.462364","6432581198.910394","16551346176","0"
,"4096000000","12288000000",,,"97820110848","16303351808.000002","41200459776","0","38762068826.838715","6460344804.473119","17231691776","0"
,"4096000000","12288000000",,,"99425310653.93549","16570885108.989248","42740363264","0","38750571751.22581","6458428625.204302","18121498624","0"
,"4096000000","12288000000",,,"100224731334.19356","16704121889.032259","40456953856","0","38682503366.19355","6447083894.365591","16184582144","0"
,"4096000000","12288000000",,,"102178069206.70969","17029678201.118279","41726095360","0","39059185135.48387","6509864189.247311","17180082176","0"
,"4096000000","12288000000",,,"103111415345.5484","17185235890.924732","40662831104","0","38594418489.80645","6432403081.634409","17185722368","0"
,"4096000000","12288000000",,,"104542211699.6129","17423701949.935486","44695867392","0","38692649422.451614","6448774903.741937","18090078208","0"
,"4096000000","12288000000",,,"60652977251.09676","10108829541.84946","41662517248","0","30745286722.064518","5124214453.677419","15756513280","0"
,"4096000000","12288000000",,,"26606501491.612904","4434416915.268817","10217517056","0","23549169399.741932","3924861566.6236553","8627904512","0"
,"4096000000","12288000000",,,"26611229464.774197","4435204910.7957","10240794624","0","23385654172.90323","3897609028.817204","8576016384","0"
,"4096000000","12288000000",,,"27012106966.70968","4502017827.784946","10227449856","0","23616604490.32258","3936100748.387097","8472489984","0"
,"4096000000","12288000000",,,"27108807713.03225","4518134618.838709","10346180608","0","23540613780.645164","3923435630.1075277","8825356288","0"
,"4096000000","12288000000",,,"27313692407.74193","4552282067.956989","10219257856","0","23578262362.838707","3929710393.8064513","8703188992","0"
,"4096000000","12288000000",,,"27500811429.161285","4583468571.526881","10303971328","0","23603212948.64516","3933868824.774194","8464957440","0"
,"4096000000","12288000000",,,"27599565724.90322","4599927620.8172035","10581716992","0","23531753075.612907","3921958845.9354844","8570937344","0"
,"4096000000","12288000000",,,"27772698095.48387","4628783015.91398","10556452864","0","23534687661.419353","3922447943.5698924","8516874240","0"
,"4096000000","12288000000",,,"27879952516.129036","4646658752.688172","10762899456","0","23475331204.129036","3912555200.6881723","8630775808","0"
,"4096000000","12288000000",,,"27988660091.870968","4664776681.978495","10524246016","0","23417085291.35484","3902847548.5591397","8612442112","0"
,"4096000000","12288000000",,,"28280352371.6129","4713392061.935484","10844041216","0","23541834917.16129","3923639152.8602147","8640081920","0"
,"4096000000","12288000000",,,"26646697653.677418","4441116275.612904","10798907392","0","22839869704.258064","3806644950.7096767","8551362560","0"
,"4096000000","12288000000",,,"24907490733.419357","4151248455.569893","9484181504","0","22111604736","3685267456","7943106560","0"
,"4096000000","12288000000",,,"24697602312.25806","4116267052.04301","9150898176","0","21901373968.51613","3650228994.7526884","7692689408","0"
,"4096000000","12288000000",,,"24778725045.67742","4129787507.612904","9458745344","0","21982606104.774193","3663767684.129032","7917375488","0"
,"4096000000","12288000000",,,"24759210490.49462","4126535081.749104","9429995520","0","21962696056.56774","3660449342.76129","7936434176","0"
,"4096000000","12288000000",,,"24804885959.845165","4134147659.9741945","9374556160","0","22008208650.460213","3669182133.677419","7970820096","0"
,"4096000000","12288000000",,,"24768609114.838707","4128101519.139785","9336246272","0","21972102110.96774","3662017018.4946237","7795298304","0"
,"4096000000","12288000000",,,"24787415304.258064","4131235884.0430107","9391108096","0","21990991013.161293","3665165168.860215","7850135552","0"
,"4096000000","12288000000",,,"24821977352.258064","4136996225.3763437","9298890752","0","22025187328.000004","3670864554.666667","7823269888","0"
,"4096000000","12288000000",,,"24718867290.838707","4119811215.139785","9103998976","0","21922461497.80645","3653743582.9677415","7766163456","0"
,"4096000000","12288000000",,,"24829227272.258068","4138204545.3763447","9297858560","0","22035253181.935486","3672542196.989248","7800627200","0"
,"4096000000","12288000000",,,"24881197188.12903","4146866198.021506","9363136512","0","22087259169.032257","3681209861.5053763","7824453632","0"
,"4096000000","12288000000",,,"24606561577.29032","4101093596.2150536","9103986688","0","21813047824.51613","3635507970.7526884","7715368960","0"
,"4096000000","12288000000",,,"24382234888.258064","4063705814.7096777","8781643776","0","21592787010.064514","3598797835.0107527","7242113024","0"
,"4096000000","12288000000",,,"24368761030.19355","4061460171.6989245","8780140544","0","21582824348.903225","3597137391.483871","7241879552","0"
,"4096000000","12288000000",,,"24364403678.967743","4060733946.4946237","8778092544","0","21579652723.612904","3596608787.2688165","7240294400","0"
,"4096000000","12288000000",,,"24364738229.67742","4060789704.9462366","8777932800","0","21578898663.225807","3596483110.537635","7240126464","0"
,"4096000000","12288000000",,,"24365997419.35484","4060999569.892473","8777969664","0","21579964416","3596660736","7240413184","0"
,"4096000000","12288000000",,,"24366355224.774193","4061059204.129032","8777940992","0","21580351950.451614","3596725325.0752687","7240413184","0"
,"4096000000","12288000000",,,"24366427367.225807","4061071227.8709683","8778088448","0","21580577626.838707","3596762937.8064513","7240454144","0"
,"4096000000","12288000000",,,"24367075328","4061179221.333333","8778788864","0","21581150406.193546","3596858401.032258","7241056256","0"
,"4096000000","12288000000",,,"24367201775.48387","4061200295.9139786","8778797056","0","21581375950.45161","3596895991.7419353","7240978432","0"
,"4096000000","12288000000",,,"24350882386.580647","4058480397.7634416","8778776576","0","21565259379.612904","3594209896.6021514","7240978432","0"
,"4096000000","12288000000",,,"24341330250.322586","4056888375.0537643","8765751296","0","21555766965.67742","3592627827.612904","7227990016","0"
,"4096000000","12288000000",,,"25203714510.451614","4200619085.0752687","10112966656","0","22409993975.741936","3734998995.95699","8570974208","0"
,"4096000000","12288000000",,,"26330745822.967735","4388457637.161289","10240118784","0","23533235299.09677","3922205883.182795","8700669952","0"
,"4096000000","12288000000",,,"26297619489.032257","4382936581.505377","10122276864","0","23500267652.129032","3916711275.3548384","9206444032","0"
,"4096000000","12288000000",,,"26145369054.967743","4357561509.16129","10238488576","0","23349199508.645164","3891533251.4408603","8776052736","0"
,"4096000000","12288000000",,,"26512028735.862362","4418671455.97706","10541170688","0","23714874493.522583","3952479082.2537637","9525710848","0"
,"4096000000","12288000000",,,"26634238678.70968","4439039779.784946","10486321152","0","23836378541.419353","3972729756.9032254","8971382784","0"
,"4096000000","12288000000",,,"25981575432.258064","4330262572.043011","9947238400","0","23184841298.580643","3864140216.4301076","8597520384","0"
,"4096000000","12288000000",,,"26487777742.451607","4414629623.741935","10203766784","0","23690066118.19355","3948344353.0322585","8661774336","0"
,"4096000000","12288000000",,,"26669180333.419357","4444863388.903226","10262810624","0","23872193436.903225","3978698906.1505375","8880611328","0"
,"4096000000","12288000000",,,"26352135430.055916","4392022571.675985","10351484928","0","23554503757.07527","3925750626.179212","8817274880","0"
,"4096000000","12288000000",,,"26604404537.80645","4434067422.967742","10706284544","0","23787824161.032257","3964637360.172043","9163444224","0"
,"4096000000","12288000000",,,"26246195530.322582","4374365921.72043","10185588736","0","23451112348.903225","3908518724.8172045","8643481600","0"
,"4096000000","12288000000",,,"26558563757.41935","4426427292.903225","10387611648","0","23691403792.51613","3948567298.752688","9130139648","0"
,"4096000000","12288000000",,,"27023885873.548393","4503980978.924732","9913327616","0","23787539290.83871","3964589881.8064513","8374009856","0"
,"4096000000","12288000000",,,"27464625251.09677","4577437541.8494625","10257436672","0","23840055296","3973342549.333333","8490811392","0"
,"4096000000","12288000000",,,"28015640443.870975","4669273407.311829","10114215936","0","23994351616","3999058602.6666665","8682328064","0"
,"4096000000","12288000000",,,"28331591349.67742","4721931891.612904","10328268800","0","23915683179.354836","3985947196.5591397","8693145600","0"
,"4096000000","12288000000",,,"28648222323.6129","4774703720.602151","10398941184","0","23841035429.16129","3973505904.860215","8609775616","0"
,"4096000000","12288000000",,,"29157205553.548386","4859534258.924731","10518528000","0","23962662713.80645","3993777118.967742","8378011648","0"
,"4096000000","12288000000",,,"29574705019.870964","4929117503.311827","10760683520","0","23984650570.32258","3997441761.72043","8443363328","0"
,"4096000000","12288000000",,,"29887714204.90323","4981285700.817205","10935394304","0","23902915286.70968","3983819214.4516134","8425676800","0"
,"4096000000","12288000000",,,"30355112464.51613","5059185410.752688","10933972992","0","23976011842.064514","3996001973.677419","8561176576","0"
,"4096000000","12288000000",,,"30775449533.93549","5129241588.989248","11183681536","0","24000336796.903225","4000056132.817204","8704647168","0"
,"4096000000","12288000000",,,"31108321544.25807","5184720257.376345","11237134336","0","23941634510.451614","3990272418.408602","8378306560","0"
,"4096000000","12288000000",,,"29050290968.774193","4841715161.462366","11320332288","0","23809965287.225803","3968327547.8709674","8615219200","0"
,"4096000000","12288000000",,,"26441036040.258064","4406839340.043011","9811619840","0","23552817878.70968","3925469646.451613","8237232128","0"
,"4096000000","12288000000",,,"26634262594.064514","4439043765.677419","10213273600","0","23701471232","3950245205.333334","8625602560","0"
,"4096000000","12288000000",,,"26620020669.935482","4436670111.655913","9869807616","0","23658215093.67742","3943035848.9462366","8303828992","0"
,"4096000000","12288000000",,,"26625107505.548386","4437517917.591397","9907732480","0","23627209298.580647","3937868216.4301076","8427892736","0"
,"4096000000","12288000000",,,"26716520527.27742","4452753421.212903","9888669696","0","23681792070.468815","3946965345.078136","8325271552","0"
,"4096000000","12288000000",,,"26676898756.54194","4446149792.7569895","9909972992","0","23604529499.93979","3934088249.989964","8270983168","0"
,"4096000000","12288000000",,,"26754626328.774193","4459104388.129032","10102431744","0","23646175232","3941029205.333334","8449798144","0"
,"4096000000","12288000000",,,"26818554450.58065","4469759075.096776","9841627136","0","23673916911.48387","3945652818.5806456","8357449728","0"
,"4096000000","12288000000",,,"26813262022.19355","4468877003.698925","9979400192","0","23632217649.548386","3938702941.591398","8304848896","0"
,"4096000000","12288000000",,,"26847045830.193542","4474507638.36559","10096816128","0","23629224926.967743","3938204154.494624","8403427328","0"
,"4096000000","12288000000",,,"26969685487.48387","4494947581.247313","9956679680","0","23715076294.19355","3952512715.698925","8478429184","0"
,"4096000000","12288000000",,,"26532307472.516136","4422051245.419356","9942036480","0","23469533910.70968","3911588985.1182795","8258859008","0"
,"4096000000","12288000000",,,"26150730851.096775","4358455141.8494625","9552797696","0","23320952435.6129","3886825405.935483","8000176128","0"
,"4096000000","12288000000",,,"26112166614.70968","4352027769.118279","9682653184","0","23282451356.903225","3880408559.4838715","8131686400","0"
,"4096000000","12288000000",,,"26067090398.967743","4344515066.494623","9553481728","0","23237705067.35484","3872950844.55914","8440332288","0"
,"4096000000","12288000000",,,"26043183368.258064","4340530561.376345","9584963584","0","23214099819.354836","3869016636.5591397","8100696064","0"
,"4096000000","12288000000",,,"26039745767.225803","4339957627.870968","9530171392","0","23211822311.225807","3868637051.8709674","7979819008","0"
,"4096000000","12288000000",,,"26039106791.225803","4339851131.870968","9547112448","0","23212396411.870968","3868732735.3118277","7996899328","0"
,"4096000000","12288000000",,,"26049832365.41935","4341638727.569892","9585774592","0","23221655485.935486","3870275914.3225803","8035037184","0"
,"4096000000","12288000000",,,"26123008594.580647","4353834765.763441","9526353920","0","23295433034.32258","3882572172.387096","7975792640","0"
,"4096000000","12288000000",,,"26077104986.838707","4346184164.473118","9598836736","0","23249104367.48387","3874850727.913978","8047644672","0"
,"4096000000","12288000000",,,"26021956574.967743","4336992762.494623","9682296832","0","23194466237.935486","3865744372.989248","8131072000","0"
,"4096000000","12288000000",,,"26073525347.09677","4345587557.8494625","9547034624","0","23247084907.35484","3874514151.2258067","8113709056","0"
,"4096000000","12288000000",,,"26191036680.258064","4365172780.043012","9567313920","0","23348315565.419357","3891385927.5698934","8016457728","0"
,"4096000000","12288000000",,,"26414586979.09677","4402431163.182796","9482731520","0","23556829051.870968","3926138175.3118277","7919792128","0"
,"4096000000","12288000000",,,"26421782329.806454","4403630388.301075","9483722752","0","23563799783.225807","3927299963.870968","7920533504","0"
,"4096000000","12288000000",,,"26421763303.225807","4403627217.204301","9482846208","0","23564715965.935486","3927452660.9892473","7920713728","0"
,"4096000000","12288000000",,,"26420738114.06452","4403456352.344087","9484328960","0","23565103236.129032","3927517206.0215054","7920795648","0"
,"4096000000","12288000000",,,"26421614658.064514","4403602443.010753","9483956224","0","23565530145.032257","3927588357.5053763","7920857088","0"
,"4096000000","12288000000",,,"26422000739.096775","4403666789.8494625","9484075008","0","23565877776.51613","3927646296.0860214","7921049600","0"
,"4096000000","12288000000",,,"26422322076.90322","4403720346.1505375","9483640832","0","23566261347.096775","3927710224.5161295","7921184768","0"
,"4096000000","12288000000",,,"26422333836.3871","4403722306.064517","9484926976","0","23566667709.935486","3927777951.655914","7921475584","0"
,"4096000000","12288000000",,,"26420831974.124733","4403471995.687454","9483800576","0","23566954170.08172","3927825695.01362","7921598464","0"
,"4096000000","12288000000",,,"26421171365.16129","4403528560.860215","9484292096","0","23567196160","3927866026.6666665","7921602560","0"
,"4096000000","12288000000",,,"26430746359.741936","4405124393.290322","9485271040","0","23574704920.774193","3929117486.7956986","7922483200","0"
,"4096000000","12288000000",,,"30161528369.548386","5026921394.92473","14233538560","0","27248658101.67742","4541443016.946237","13614718976","0"
,"4096000000","12288000000",,,"35501846792.25806","5916974465.376343","14332768256","0","32501074910.967743","5416845818.494623","13718331392","0"
,"4096000000","12288000000",,,"35118742759.2258","5853123793.2043","14233980928","0","32111406707.6129","5351901117.935484","13265702912","0"
,"4096000000","12288000000",,,"35045220219.87097","5840870036.645162","14779408384","0","32035792037.16129","5339298672.860215","13186625536","0"
,"4096000000","12288000000",,,"35544373446.19355","5924062241.032259","14777073664","0","32533001777.548386","5422166962.924731","13174329344","0"
,"4096000000","12288000000",,,"35265059542.70968","5877509923.784946","15147638784","0","32256678350.45161","5376113058.408602","13541404672","0"
,"4096000000","12288000000",,,"35438292992","5906382165.333333","14217490432","0","32426663407.48387","5404443901.247312","12883435520","0"
,"4096000000","12288000000",,,"35707482640.51613","5951247106.752689","14026141696","0","32684919642.838707","5447486607.139785","12862271488","0"
,"4096000000","12288000000",,,"35463695062.70968","5910615843.7849455","14821769216","0","32442737432.774193","5407122905.462365","13392015360","0"
,"4096000000","12288000000",,,"35001839880.25806","5833639980.04301","13984829440","0","31982740909.419353","5330456818.236559","12861755392","0"
,"4096000000","12288000000",,,"34595268938.32258","5765878156.387097","13820600320","0","31576968555.354843","5262828092.55914","13194129408","0"
,"4096000000","12288000000",,,"35080114440.258064","5846685740.043011","14729248768","0","32060912276.645164","5343485379.440861","13123477504","0"
,"4096000000","12288000000",,,"24003154481.548386","2667017164.6164875","13911887872","0","22149769766.537636","2461085529.615293","12470026240","0"
,"4096000000","12288000000",,,"3310499509.677419","551749918.2795699","1367056384","0","3251918121.290323","541986353.5483872","1352585216","0"
,"4096000000","12288000000",,,"3293826939.8709683","548971156.6451614","1389768704","0","3241479002.83871","540246500.4731182","1378738176","0"
,"4096000000","12288000000",,,"3320045171.6129036","553340861.9354839","1382113280","0","3246296955.870968","541049492.6451614","1369317376","0"
,"4096000000","12288000000",,,"3289045974.1591387","548174329.0265231","1474490368","0","3214533788.3526883","535755631.39211476","1461899264","0"
,"4096000000","12288000000",,,"3368045799.225806","561340966.5376344","1496506368","0","3308341710.4516125","551390285.0752687","1485426688","0"
,"4096000000","12288000000",,,"3272083522.064516","545347253.6774194","1478995968","0","3188444655.483871","531407442.58064526","1466368000","0"
,"4096000000","12288000000",,,"3500203635.612903","583367272.6021506","1500565504","0","3440560722.5806456","573426787.0967743","1487978496","0"
,"4096000000","12288000000",,,"3586096332.8","597682722.1333333","1487097856","0","3514123015.1569886","585687169.1928314","1465737216","0"
,"4096000000","12288000000",,,"3586385721.806451","597730953.6344085","1502035968","0","3524750038.7096777","587458339.7849462","1488478208","0"
,"4096000000","12288000000",,,"3698087077.16129","616347846.1935483","1501147136","0","3629860137.2903233","604976689.5483872","1487224832","0"
,"4096000000","12288000000",,,"3460569946.83871","576761657.8064517","1501138944","0","3397794518.7096767","566299086.4516128","1488674816","0"
,"4096000000","12288000000",,,"5678087927.741936","946347987.9569893","4939919360","0","5573012314.83871","928835385.8064517","4854571008","0"
,"4096000000","12288000000",,,"9590891156.64516","1598481859.4408598","6421012480","0","9401437150.967743","1566906191.8279572","6338973696","0"
,"4096000000","12288000000",,,"9167364624.516129","1527894104.0860214","5513113600","0","8979106254.451612","1496517709.0752687","5408735232","0"
,"4096000000","12288000000",,,"9445724952.774195","1574287492.1290324","5325357056","0","9252701613.419355","1542116935.5698926","5234900992","0"
,"4096000000","12288000000",,,"9364535626.32258","1560755937.72043","5975539712","0","9152099757.419355","1525349959.5698924","5906296832","0"
,"4096000000","12288000000",,,"9275803978.322582","1545967329.7204301","5436874752","0","9071949229.419355","1511991538.2365594","5362651136","0"
,"4096000000","12288000000",,,"9647026043.870968","1607837673.9784946","5264654336","0","9441031333.16129","1573505222.1935482","5185671168","0"
,"4096000000","12288000000",,,"8849343785.290323","1474890630.8817205","5544165376","0","8638087432.258064","1439681238.7096772","5465034752","0"
,"4096000000","12288000000",,,"9382107334.193546","1563684555.6989245","5023674368","0","9165912658.580643","1527652109.7634406","4949622784","0"
,"4096000000","12288000000",,,"9377598034.580647","1562933005.763441","6776168448","0","9162421413.161291","1527070235.5268817","6694526976","0"
,"4096000000","12288000000",,,"9837103170.064516","1639517195.0107527","6277726208","0","9610048148.64516","1601674691.44086","6180913152","0"
,"4096000000","12288000000",,,"9136869111.741934","1522811518.6236558","5669617664","0","8907233346.064516","1484538891.0107527","5583187968","0"
,"4096000000","12288000000",,,"7490243418.838709","1248373903.1397848","4811370496","0","7308332395.354837","1218055399.2258062","4734980096","0"
,"4096000000","12288000000",,,"4359672204.387096","726612034.0645161","2103525376","0","4260768074.3225813","710128012.3870969","2070519808","0"
,"4096000000","12288000000",,,"4255604736.0000005","709267456.0000001","2103537664","0","4156099815.2258067","692683302.5376344","2070102016","0"
,"4096000000","12288000000",,,"4384112406.572043","730685401.0953405","2104602624","0","4284937473.6516137","714156245.6086023","2071703552","0"
,"4096000000","12288000000",,,"4213542163.268817","701956910.7956989","2043346944","0","4113060500.6451616","685510083.4408602","2010263552","0"
,"4096000000","12288000000",,,"4273498178.064515","712249696.3440858","2105217024","0","4175147932.903226","695857988.8172042","2072264704","0"
,"4096000000","12288000000",,,"4284444011.3548384","714074001.8924731","2105307136","0","4185667385.806452","697611230.9677418","2072485888","0"
,"4096000000","12288000000",,,"4174265178.83871","695710863.139785","1824837632","0","4075930260.6451616","679321710.1075269","1790201856","0"
,"4096000000","12288000000",,,"4253579065.8064523","708929844.3010755","2126864384","0","4154820806.193548","692470134.3655914","2093989888","0"
,"4096000000","12288000000",,,"4271447799.7419353","711907966.6236558","2106683392","0","4172247832.774194","695374638.795699","2072608768","0"
,"4096000000","12288000000",,,"4232214197.67742","705369032.9462366","2014900224","0","4132538698.3225813","688756449.7204301","1981886464","0"
,"4096000000","12288000000",,,"4200645004.3870964","700107500.7311828","1955344384","0","4102153513.2903223","683692252.2150537","1922510848","0"
,"4096000000","12288000000",,,"13598303793.54839","2266383965.5913982","17191948288","0","13446741883.870968","2241123647.311828","17106227200","0"
,"4096000000","12288000000",,,"29557634345.29032","4926272390.88172","16941174784","0","29318727481.806458","4886454580.301076","16852844544","0"
,"4096000000","12288000000",,,"29462269291.354843","4910378215.225807","17340735488","0","29232449734.19355","4872074955.698925","17234497536","0"
,"4096000000","12288000000",,,"30788331850.322586","5131388641.72043","16829222912","0","30558950036.645164","5093158339.44086","16754536448","0"
,"4096000000","12288000000",,,"29397791380.645164","4899631896.774194","16932651008","0","29165239395.09677","4860873232.516129","16826515456","0"
,"4096000000","12288000000",,,"30053093640.25807","5008848940.043012","17217994752","0","29819189181.935486","4969864863.655914","17114525696","0"
,"4096000000","12288000000",,,"33304817928.258064","5550802988.043012","17708392448","0","33065956385.032257","5510992730.83871","17622650880","0"
,"4096000000","12288000000",,,"29430622009.806446","4905103668.301074","17703931904","0","29134521244.903225","4855753540.817204","17618636800","0"
,"4096000000","12288000000",,,"30756585604.12904","5126097600.688173","17601855488","0","30521231954.580643","5086871992.430107","17519312896","0"
,"4096000000","12288000000",,,"28787639064.774193","4797939844.129033","17659981824","0","28553400584.258064","4758900097.376345","17575186432","0"
,"4096000000","12288000000",,,"32320476853.677418","5386746142.279571","17892286464","0","32079770657.03226","5346628442.838711","17810624512","0"
,"4096000000","12288000000",,,"29818512284.903225","4969752047.4838705","17062404096","0","29584663849.29032","4930777308.215054","16970063872","0"
,"4096000000","12288000000",,,"23277809796.12903","3879634966.0215054","19680120832","0","23029338112","3838223018.666667","19580637184","0"
,"4096000000","12288000000",,,"9661346056.258064","1610224342.7096775","4335955968","0","9092240549.16129","1515373424.860215","4204605440","0"
,"4096000000","12288000000",,,"10186403122.098927","1697733853.683154","4779450368","0","9178077915.11398","1529679652.5189965","4402855936","0"
,"4096000000","12288000000",,,"10531102733.212904","1755183788.8688173","5023592448","0","9085322554.907526","1514220425.8179212","4516737024","0"
,"4096000000","12288000000",,,"11270288813.419355","1878381468.903226","5119533056","0","9390275418.838709","1565045903.1397848","4483174400","0"
,"4096000000","12288000000",,,"11826997974.709679","1971166329.11828","5595209728","0","9519933506.064518","1586655584.3440862","4922814464","0"
,"4096000000","12288000000",,,"11974465337.80645","1995744222.9677417","5453529088","0","9242760885.67742","1540460147.612903","4599009280","0"
,"4096000000","12288000000",,,"12065861896.258064","2010976982.7096772","5096476672","0","8915839702.709677","1485973283.784946","4005289984","0"
,"4096000000","12288000000",,,"12800694998.709679","2133449166.451613","5523562496","0","9226363804.903227","1537727300.8172045","4361228288","0"
,"4096000000","12288000000",,,"13020237824","2170039637.3333335","5493411840","0","9026545994.322582","1504424332.387097","4145045504","0"
,"4096000000","12288000000",,,"13666622695.225805","2277770449.2043014","5975449600","0","9253668797.935486","1542278132.9892476","4551712768","0"
,"4096000000","12288000000",,,"14333410799.483871","2388901799.9139786","6352564224","0","9508424406.709677","1584737401.1182797","4767686656","0"
,"4096000000","12288000000",,,"12268632658.580647","2044772109.7634413","5954445312","0","8446832111.483872","1407805351.9139786","4269899776","0"
,"4096000000","12288000000",,,"7476729657.806452","1246121609.6344085","3073458176","0","6887938510.4516115","1147989751.7419353","2871586816","0"
,"4096000000","12288000000",,,"7563310377.290323","1260551729.548387","3061256192","0","6977974668.387098","1162995778.0645163","2855751680","0"
,"4096000000","12288000000",,,"8057120305.548388","1342853384.2580645","3066429440","0","7471463390.967743","1245243898.4946237","2860879872","0"
,"4096000000","12288000000",,,"8201969663.999999","1366994943.9999998","3065847808","0","7615728078.451612","1269288013.0752687","2860929024","0"
,"4096000000","12288000000",,,"7798695077.16129","1299782512.860215","3065831424","0","7213538799.4838705","1202256466.580645","2861195264","0"
,"4096000000","12288000000",,,"8023128130.064516","1337188021.6774194","3078754304","0","7437013916.903227","1239502319.4838712","2873626624","0"
,"4096000000","12288000000",,,"7988790569.290323","1331465094.8817205","3065925632","0","7402061559.741936","1233676926.623656","2860150784","0"
,"4096000000","12288000000",,,"7886325033.290321","1314387505.5483868","3087351808","0","7298487989.67742","1216414664.9462366","2882191360","0"
,"4096000000","12288000000",,,"7916582978.064516","1319430496.344086","3065958400","0","7328684626.580645","1221447437.7634406","2861174784","0"
,"4096000000","12288000000",,,"7900519258.838711","1316753209.8064518","3089629184","0","7312361405.935484","1218726900.989247","2889895936","0"
,"4096000000","12288000000",,,"7947904165.161291","1324650694.1935484","3085320192","0","7359437526.709677","1226572921.1182795","2882383872","0"
,"4096000000","12288000000",,,"8303168082.580645","1383861347.096774","3218874368","0","7705753401.806453","1284292233.634409","3009355776","0"
,"4096000000","12288000000",,,"9368865626.838709","1561477604.4731183","3903336448","0","8734679304.258064","1455779884.0430107","3681923072","0"
,"4096000000","12288000000",,,"9405044669.935486","1567507444.9892473","3596746752","0","8753227709.935484","1458871284.9892473","3386531840","0"
,"4096000000","12288000000",,,"9462611703.741936","1577101950.6236558","3928457216","0","8800858662.537634","1466809777.0896056","3715657728","0"
,"4096000000","12288000000",,,"9601743275.217205","1600290545.869534","3662065664","0","8934509292.731182","1489084882.1218638","3444269056","0"
,"4096000000","12288000000",,,"9578103444.645163","1596350574.1075268","3435192320","0","8902304668.903225","1483717444.8172045","3207340032","0"
,"4096000000","12288000000",,,"9528095777.032257","1588015962.8387094","3562442752","0","8845897860.129032","1474316310.0215054","3343704064","0"
,"4096000000","12288000000",,,"9589256720.516129","1598209453.419355","3742539776","0","8896077163.35484","1482679527.2258067","3519963136","0"
,"4096000000","12288000000",,,"9609393185.032259","1601565530.8387098","4018089984","0","8906286905.806452","1484381150.967742","3770994688","0"
,"4096000000","12288000000",,,"9623509982.967741","1603918330.4946237","3968118784","0","8910128821.67742","1485021470.27957","3716161536","0"
,"4096000000","12288000000",,,"9582591048.670967","1597098508.1118279","3949977600","0","8860086060.593548","1476681010.0989246","3717853184","0"
,"4096000000","12288000000",,,"9622650087.225807","1603775014.5376346","3949977600","0","8889826403.096773","1481637733.8494623","3717853184","0"
,"4096000000","12288000000",,,"9649728346.83871","1608288057.8064518","3705520128","0","8950087283.612902","1491681213.9354837","3471708160","0"
,"4096000000","12288000000",,,"9920094075.870968","1653349012.6451616","4766724096","0","9312003105.032257","1552000517.505376","4549013504","0"
,"4096000000","12288000000",,,"9961248437.67742","1660208072.9462366","4700917760","0","9349927308.387096","1558321218.064516","4504535040","0"
,"4096000000","12288000000",,,"9824575884.387094","1637429314.064516","4087463936","0","9217776871.225807","1536296145.2043014","3875246080","0"
,"4096000000","12288000000",,,"9854000359.225807","1642333393.2043014","4023939072","0","9245548544","1540924757.3333333","3826864128","0"
,"4096000000","12288000000",,,"9941820052.64516","1656970008.7741933","4362285056","0","9334381402.838709","1555730233.8064513","4144656384","0"
,"4096000000","12288000000",,,"9859540529.548388","1643256754.9247313","4770254848","0","9249206800.516129","1541534466.7526882","4573888512","0"
,"4096000000","12288000000",,,"9733543737.806454","1622257289.634409","4319600640","0","9123778427.870968","1520629737.9784944","4124954624","0"
,"4096000000","12288000000",,,"10067128055.741936","1677854675.9569893","4538052608","0","9433334420.64516","1572222403.4408603","4333113344","0"
,"4096000000","12288000000",,,"9749409395.612904","1624901565.935484","3897630720","0","9141303758.451612","1523550626.4086022","3701891072","0"
,"4096000000","12288000000",,,"9824791254.709677","1637465209.1182797","4329033728","0","9219359512.774195","1536559918.7956991","4120612864","0"
,"4096000000","12288000000",,,"9848574216.258066","1641429036.0430107","4439654400","0","9241009251.096773","1540168208.516129","4243050496","0"
,"4096000000","12288000000",,,"9427902860.387096","1571317143.3978496","3987169280","0","8822827866.838709","1470471311.139785","3794944000","0"
,"4096000000","12288000000",,,"8188114085.16129","1364685680.860215","2811236352","0","7593331282.5806465","1265555213.763441","2617225216","0"
,"4096000000","12288000000",,,"8192538029.4193535","1365423004.9032257","2841378816","0","7597541706.32258","1266256951.0537634","2632826880","0"
,"4096000000","12288000000",,,"8173122857.290321","1362187142.88172","2822852608","0","7578599291.870968","1263099881.9784946","2616049664","0"
,"4096000000","12288000000",,,"8186485462.709677","1364414243.7849464","2843586560","0","7591878127.48387","1265313021.2473116","2634887168","0"
,"4096000000","12288000000",,,"8178182223.27742","1363030370.5462368","2820980736","0","7583891909.643011","1263981984.9405017","2614599680","0"
,"4096000000","12288000000",,,"8184811044.335484","1364135174.055914","2807009280","0","7590052764.903228","1265008794.150538","2599886848","0"
,"4096000000","12288000000",,,"8193437696","1365572949.3333335","2826543104","0","7598791250.580645","1266465208.4301076","2615906304","0"
,"4096000000","12288000000",,,"8174000458.322581","1362333409.7204304","2824101888","0","7579435404.387096","1263239234.064516","2624638976","0"
,"4096000000","12288000000",,,"8182317188.129032","1363719531.3548388","2824359936","0","7587475191.741935","1264579198.6236558","2616135680","0"
,"4096000000","12288000000",,,"8180729525.67742","1363454920.9462366","2814844928","0","7585056305.548387","1264176050.924731","2612289536","0"
,"4096000000","12288000000",,,"8177678534.193548","1362946422.3655913","2830172160","0","7582864945.548389","1263810824.2580647","2621108224","0"
,"4096000000","12288000000",,,"10250680518.193548","1708446753.032258","6594527232","0","9191509355.35484","1531918225.8924732","5605396480","0"
,"4096000000","12288000000",,,"18720538095.48387","3120089682.580645","7769145344","0","14658017742.451612","2443002957.0752687","6242582528","0"
,"4096000000","12288000000",,,"20428311122.580643","3404718520.430107","8451338240","0","15874182771.612904","2645697128.6021504","6678052864","0"
,"4096000000","12288000000",,,"21455011840","3575835306.6666665","8812527616","0","16698794116.129032","2783132352.6881723","7032188928","0"
,"4096000000","12288000000",,,"21473946855.225807","3578991142.537635","8769327104","0","17074956618.322582","2845826103.053764","7217192960","0"
,"4096000000","12288000000",,,"21300098213.161293","3550016368.860215","8439701504","0","16756273284.129032","2792712214.0215054","6682955776","0"
,"4096000000","12288000000",,,"22599089118.96774","3766514853.16129","10065453056","0","17879785736.258068","2979964289.3763447","8670310400","0"
,"4096000000","12288000000",,,"22461352002.064518","3743558667.0107527","8871505920","0","17871391710.967743","2978565285.1612906","7093075968","0"
,"4096000000","12288000000",,,"22403427955.6129","3733904659.268817","9101246464","0","17762662466.064514","2960443744.344086","7628636160","0"
,"4096000000","12288000000",,,"22774624520.258064","3795770753.3763447","8966082560","0","18162888307.612904","3027148051.268817","7472680960","0"
,"4096000000","12288000000",,,"22670550313.29032","3778425052.2150536","9091264512","0","18010136972.3871","3001689495.39785","7406080000","0"
,"4096000000","12288000000",,,"22575937073.548386","3762656178.9247313","9192087552","0","18066557654.70968","3011092942.4516134","7439736832","0"
,"4096000000","12288000000",,,"22904396106.322582","3817399351.053763","11175460864","0","18052312955.870968","3008718825.9784946","9474777088","0"
,"4096000000","12288000000",,,"22151102596.129036","3691850432.6881723","8318717952","0","17002290407.225807","2833715067.870968","6629371904","0"
,"4096000000","12288000000",,,"21898920993.032257","3649820165.505376","8256282624","0","16747919161.80645","2791319860.301075","6551752704","0"
,"4096000000","12288000000",,,"21938866374.193546","3656477729.032257","8225853440","0","16787910920.258064","2797985153.3763437","6520242176","0"
,"4096000000","12288000000",,,"22092792732.903225","3682132122.1505375","8151519232","0","16941400460.3871","2823566743.39785","6445858816","0"
,"4096000000","12288000000",,,"21849900593.54839","3641650098.9247313","8097325056","0","16699603538.580643","2783267256.430107","6392193024","0"
,"4096000000","12288000000",,,"21822065498.838707","3637010916.473118","8125796352","0","16671503128.774197","2778583854.795699","6410297344","0"
,"4096000000","12288000000",,,"22002557720.774193","3667092953.462365","8283844608","0","16849651381.677422","2808275230.27957","6593466368","0"
,"4096000000","12288000000",,,"21840194579.819355","3640032429.9698925","8143499264","0","16687449173.883873","2781241528.980645","6405201920","0"
,"4096000000","12288000000",,,"22111542388.713974","3684039867.1827955","8300195840","0","16950634165.677416","2825105694.2795696","6592860160","0"
,"4096000000","12288000000",,,"21926672846.451614","3654445474.4086018","8228618240","0","16773341316.129034","2795556886.0215063","6521417728","0"
,"4096000000","12288000000",,,"21915470550.70968","3652578425.1182804","8289566720","0","16762734129.54839","2793789021.591398","6581805056","0"
,"4096000000","12288000000",,,"22553873374.967743","3758978895.827957","9327013888","0","17391741390.451614","2898623565.075269","7609323520","0"
,"4096000000","12288000000",,,"25734668948.645164","4289111491.4408603","10119487488","0","20539229481.29032","3423204913.5483866","8411594752","0"
,"4096000000","12288000000",,,"26223181691.87097","4370530281.978496","10411651072","0","21026856431.48387","3504476071.913978","8706363392","0"
,"4096000000","12288000000",,,"26106417019.87096","4351069503.311827","10771046400","0","20909604599.741936","3484934099.95699","8994246656","0"
,"4096000000","12288000000",,,"26160120600.774193","4360020100.129032","10298314752","0","20965436515.096775","3494239419.1827955","8592281600","0"
,"4096000000","12288000000",,,"25967265990.193542","4327877665.032257","10101268480","0","20772584811.35484","3462097468.55914","8397144064","0"
,"4096000000","12288000000",,,"25925067148.3871","4320844524.731183","9979789312","0","20726440728.774193","3454406788.129032","8201605120","0"
,"4096000000","12288000000",,,"26321448035.09677","4386908005.8494625","10270560256","0","21125443584","3520907264","8495337472","0"
,"4096000000","12288000000",,,"26173915928.774193","4362319321.462366","10018250752","0","20977080386.064518","3496180064.3440866","8316026880","0"
,"4096000000","12288000000",,,"26235784026.83871","4372630671.139785","10629177344","0","21037305856","3506217642.6666665","8847560704","0"
,"4096000000","12288000000",,,"26308377302.70968","4384729550.451612","10044547072","0","21112014649.80645","3518669108.3010755","8342134784","0"
,"4096000000","12288000000",,,"26069465154.064514","4344910859.010753","10046160896","0","20871229307.870968","3478538217.9784946","8306958336","0"
,"4096000000","12288000000",,,"25712525840.51613","4285420973.419355","10136866816","0","20514033399.741936","3423022277.459499","8433598464","0"
,"4096000000","12288000000",,,"23965236111.690323","3994206018.615054","9197715456","0","18757352322.47742","3126225387.07957","7474651136","0"
,"4096000000","12288000000",,,"24150536324.129036","4025089387.3548393","9426169856","0","18937728495.48387","3156288082.580645","7642963968","0"
,"4096000000","12288000000",,,"24433743277.419353","4072290546.236559","9082343424","0","19216010999.741936","3202668499.95699","7352168448","0"
,"4096000000","12288000000",,,"24367033707.35484","4061172284.5591397","9180565504","0","19147894784","3191315797.333333","7464259584","0"
,"4096000000","12288000000",,,"24804468934.193546","4134078155.698925","9431719936","0","19582812160","3263802026.666666","7719796736","0"
,"4096000000","12288000000",,,"24841571823.48387","4140261970.5806456","9275723776","0","19615112423.225807","3269185403.870968","7542153216","0"
,"4096000000","12288000000",,,"25296411588.541935","4216068598.0903225","9729753088","0","20064284196.335484","3344047366.055914","8007544832","0"
,"4096000000","12288000000",,,"25162085805.419353","4193680967.5698924","9426550784","0","19927054798.451614","3321175799.7419353","7707676672","0"
,"4096000000","12288000000",,,"25564388451.09677","4260731408.5161285","9686822912","0","20335336547.096775","3389222757.8494625","7897468928","0"
,"4096000000","12288000000",,,"25655997340.90323","4275999556.8172054","9778040832","0","20426952439.741936","3404492073.290323","7984705536","0"
,"4096000000","12288000000",,,"25614568150.70968","4269094691.784946","9553809408","0","20381018838.709675","3396836473.1182795","7831134208","0"
,"4096000000","12288000000",,,"25551243594.32258","4258540599.0537634","9468792832","0","20306641953.032257","3384440325.5053763","7749595136","0"
,"4096000000","12288000000",,,"24033709815.741936","4005618302.6236563","8851177472","0","18739406385.548386","3123234397.5913973","7113113600","0"
,"4096000000","12288000000",,,"24340392266.32258","4056732044.387097","8539541504","0","19000693793.032257","3166782298.83871","6782951424","0"
,"4096000000","12288000000",,,"24460470073.806454","4076745012.301076","8826261504","0","19074572155.870968","3179095359.3118277","7043620864","0"
,"4096000000","12288000000",,,"24702730768.516125","4117121794.7526875","8920465408","0","19269842217.29032","3211640369.548387","7125278720","0"
,"4096000000","12288000000",,,"24743417129.290325","4123902854.8817205","8975355904","0","19263709712.51613","3210618285.4193544","7153328128","0"
,"4096000000","12288000000",,,"24952518986.322582","4158753164.3870974","9185890304","0","19425599355.870968","3237599892.645161","7346843648","0"
,"4096000000","12288000000",,,"24959936578.064514","4159989429.677419","9160921088","0","19385098768.51613","3230849794.7526884","7254179840","0"
,"4096000000","12288000000",,,"25082506471.225807","4180417745.2043014","8974942208","0","19461355321.80645","3243559220.3010755","7049666560","0"
,"4096000000","12288000000",,,"25053162595.09677","4175527099.1827955","8983793664","0","19386136509.935482","3231022751.6559134","7094001664","0"
,"4096000000","12288000000",,,"25117138151.225807","4186189691.870968","8951300096","0","19402924824.774193","3233820804.129032","7005380608","0"
,"4096000000","12288000000",,,"25226383624.258064","4204397270.7096777","8825724928","0","19465720732.90323","3244286788.8172045","6923915264","0"
,"4096000000","12288000000",,,"25467351964.90323","4244558660.8172045","10406772736","0","19753106134.709675","3292184355.784946","8681041920","0"
,"4096000000","12288000000",,,"26552154045.935486","4425359007.655913","10567307264","0","21287332566.70968","3547888761.1182795","8761839616","0"
,"4096000000","12288000000",,,"26398654331.87097","4399775721.978495","10357788672","0","21121767754.32258","3520294625.72043","8633274368","0"
,"4096000000","12288000000",,,"26175510536.8086","4362585089.468101","10732204032","0","20910191895.67312","3485031982.6121864","8996003840","0"
,"4096000000","12288000000",,,"26462123371.354843","4410353895.225807","10341253120","0","21198556157.79785","3530370257.2043014","8591048704","0"
,"4096000000","12288000000",,,"26714731553.032257","4452455258.838709","10653265920","0","21451266246.19355","3575211041.032258","8877805568","0"
,"4096000000","12288000000",,,"26777841664","4462973610.666667","10483281920","0","21511581035.35484","3585263505.892473","8758603776","0"
,"4096000000","12288000000",,,"26624321337.80645","4437386889.634409","10525327360","0","21360266735.48387","3560044455.913978","8727719936","0"
,"4096000000","12288000000",,,"26671756849.548386","4445292808.258064","10699173888","0","21407058646.709675","3567843107.7849455","8974446592","0"
,"4096000000","12288000000",,,"26253819375.48387","4375636562.580645","10465189888","0","20990821673.290325","3498470278.8817205","8674947072","0"
,"4096000000","12288000000",,,"26018796841.29032","4336466140.215054","10419875840","0","20759125091.096775","3459854181.849462","8688668672","0"
,"4096000000","12288000000",,,"26326107697.548386","4387684616.258064","10643120128","0","21064860969.29032","3510810161.5483866","8844435456","0"
,"4096000000","12288000000",,,"29595150930.58065","4932525155.096775","22282792960","0","24172623673.80645","4028770612.301075","20494659584","0"
,"4096000000","12288000000",,,"50907997481.29032","8484666246.881721","20911644672","0","38055130541.41935","6342521756.903225","16446578688","0"
,"4096000000","12288000000",,,"62929171224.77419","10488195204.129032","25446051840","0","38135334713.80645","6355889118.967742","16077430784","0"
,"4096000000","12288000000",,,"75494321911.74194","12582386985.290325","29019557888","0","38767605165.41936","6461267527.569893","15901519872","0"
,"4096000000","12288000000",,,"87449395200","14574899200.000002","33606307840","0","39225025701.161285","6537504283.526882","16558870528","0"
,"4096000000","12288000000",,,"96799224600.7742","16133204100.129034","36407513088","0","39117388634.838715","6519564772.473118","17256083456","0"
,"4096000000","12288000000",,,"104395732265.29031","17399288710.881718","40947863552","0","38882951168","6480491861.333332","15869464576","0"
,"4096000000","12288000000",,,"109499358307.09677","18249893051.182793","43950796800","0","38687928055.741936","6447988009.290321","16369979392","0"
,"4096000000","12288000000",,,"112599899499.35483","18766649916.559135","45234667520","0","38533177872.51612","6422196312.0860195","17279266816","0"
,"4096000000","12288000000",,,"114211985606.19354","19035330934.365593","45575540736","0","38580650776.7742","6430108462.7957","17343438848","0"
,"4096000000","12288000000",,,"116434170129.06668","19405695021.511112","47105679360","0","39277253563.73333","6546208927.288889","17899233280","0"
,"4096000000","12288000000",,,"118473126887.77637","19745521147.962727","50989105152","0","39353123137.51398","6558853856.252329","19020128256","0"
,"4096000000","12288000000",,,"111375238573.41937","18562539762.23656","47283630080","0","38742593403.87097","6457098900.645163","17440718848","0"
,"4096000000","12288000000",,,"26907897063.225807","4484649510.537635","10083549184","0","23618833771.354836","3936472295.2258058","8453013504","0"
,"4096000000","12288000000",,,"27052767958.70968","4508794659.784946","10374672384","0","23590515084.387096","3931752514.064516","8586289152","0"
,"4096000000","12288000000",,,"27254492126.967743","4542415354.494624","9936670720","0","23617102088.258064","3936183681.3763447","8415338496","0"
,"4096000000","12288000000",,,"27491678934.70968","4581946489.118279","10388369408","0","23679090423.741936","3946515070.6236553","8795508736","0"
,"4096000000","12288000000",,,"27553446482.580643","4592241080.430107","10179002368","0","23569900973.419357","3928316828.903226","8742858752","0"
,"4096000000","12288000000",,,"27684659596.387093","4614109932.731182","10331324416","0","23525850475.354836","3920975079.225806","8464027648","0"
,"4096000000","12288000000",,,"27759912497.54839","4626652082.924731","10475098112","0","23435982781.935486","3905997130.3225803","8455098368","0"
,"4096000000","12288000000",,,"27949241509.16129","4658206918.193548","10852077568","0","23451712611.096775","3908618768.5161285","8739266560","0"
,"4096000000","12288000000",,,"28284116199.225807","4714019366.537635","10771542016","0","23618038750.967743","3936339791.827956","8583032832","0"
,"4096000000","12288000000",,,"28292275166.967743","4715379194.494623","10662498304","0","23455626537.29032","3909271089.5483875","8408600576","0"
,"4096000000","12288000000",,,"28483031304.258064","4747171884.043011","10493251584","0","23473914384.51613","3912319064.0860214","8494505984","0"
,"4096000000","12288000000",,,"28645480117.67742","4774246686.27957","10988294144","0","23509577860.129032","3918262976.6881723","8604205056","0"
,"4096000000","12288000000",,,"25068222530.06452","4178037088.3440866","9297498112","0","21958222881.032257","3659703813.5053763","7645761536","0"
,"4096000000","12288000000",,,"25057184602.838707","4176197433.8064513","9482559488","0","21946665290.322582","3657777548.3870974","7812952064","0"
,"4096000000","12288000000",,,"25105429933.419357","4184238322.2365594","9302360064","0","21994774528","3665795754.666667","7703879680","0"
,"4096000000","12288000000",,,"25233807558.193546","4205634593.032258","9576271872","0","22123128237.419357","3687188039.569892","7906361344","0"
,"4096000000","12288000000",,,"25092815310.45161","4182135885.075268","9550995456","0","21982074417.548386","3663679069.5913973","7881121792","0"
,"4096000000","12288000000",,,"25201228106.322582","4200204684.3870974","9588445184","0","22090617624.774193","3681769604.129032","8009342976","0"
,"4096000000","12288000000",,,"25081209096.258064","4180201516.043011","9415708672","0","21970689387.35484","3661781564.55914","7746826240","0"
,"4096000000","12288000000",,,"25107845780.64516","4184640963.4408603","9398697984","0","21997031291.870964","3666171881.978494","7791964160","0"
,"4096000000","12288000000",,,"25046609787.870964","4174434964.6451607","9171132416","0","21935811683.09677","3655968613.8494625","7903764480","0"
,"4096000000","12288000000",,,"25094276129.032257","4182379354.838709","9567326208","0","21988454144.550537","3664742357.42509","7921209344","0"
,"4096000000","12288000000",,,"25055312713.221504","4175885452.2035837","9594576896","0","21944666107.5957","3657444351.2659492","7925100544","0"
,"4096000000","12288000000",,,"25150652548.12903","4191775424.6881704","9426264064","0","22039832774.193546","3673305462.365591","7835004928","0"
,"4096000000","12288000000",,,"24742943050.32258","4123823841.7204304","8880230400","0","21633221400.77419","3605536900.129032","7250231296","0"
,"4096000000","12288000000",,,"24716807267.09678","4119467877.8494625","8836636672","0","21612986500.129032","3602164416.6881714","7242092544","0"
,"4096000000","12288000000",,,"24706897193.29032","4117816198.8817205","8834867200","0","21605295665.548386","3600882610.9247313","7241236480","0"
,"4096000000","12288000000",,,"24701765830.19355","4116960971.6989245","8833097728","0","21600345715.612907","3600057619.268818","7240278016","0"
,"4096000000","12288000000",,,"24702491786.73548","4117081964.4559135","8833097728","0","21602586936.705376","3600431156.117563","7239929856","0"
,"4096000000","12288000000",,,"24702150986.322582","4117025164.3870974","8834568192","0","21603394328.774193","3600565721.462365","7239737344","0"
,"4096000000","12288000000",,,"24704448445.935486","4117408074.322581","8837152768","0","21605890774.70968","3600981795.7849464","7239729152","0"
,"4096000000","12288000000",,,"24706953083.870968","4117825513.9784946","8839413760","0","21608204354.064514","3601367392.3440857","7239753728","0"
,"4096000000","12288000000",,,"24709101501.935482","4118183583.6559134","8841531392","0","21610788005.161293","3601798000.8602157","7239675904","0"
,"4096000000","12288000000",,,"24706329963.35483","4117721660.5591393","8838840320","0","21610339823.48387","3601723303.9139786","7239491584","0"
,"4096000000","12288000000",,,"24682334802.580647","4113722467.096774","8825909248","0","21586494497.03226","3597749082.8387103","7239639040","0"
,"4096000000","12288000000",,,"24780448008.258064","4130074668.0430107","10118451200","0","21684002948.129032","3614000491.354839","8450293760","0"
,"4096000000","12288000000",,,"26691177835.354836","4448529639.225805","9989517312","0","23579910144","3929985024","8611684352","0"
,"4096000000","12288000000",,,"26552672916.645164","4425445486.107527","10083332096","0","23442205927.225803","3907034321.204301","8805855232","0"
,"4096000000","12288000000",,,"26580142013.935486","4430023668.989247","10083733504","0","23469084804.129036","3911514134.0215054","8606310400","0"
,"4096000000","12288000000",,,"26775559267.09678","4462593211.1827965","9955090432","0","23665077611.354836","3944179601.892473","8685588480","0"
,"4096000000","12288000000",,,"26661555034.838707","4443592505.806451","10163044352","0","23550543409.54839","3925090568.2580643","8784093184","0"
,"4096000000","12288000000",,,"26755293976.774193","4459215662.795698","10172198912","0","23642707637.677418","3940451272.946236","8710389760","0"
,"4096000000","12288000000",,,"26604653006.451614","4434108834.408602","10416578560","0","23493429578.322582","3915571596.387097","8806805504","0"
,"4096000000","12288000000",,,"26824003451.87097","4470667241.978496","10168045568","0","23712890219.354843","3950726022.8817205","8897200128","0"
,"4096000000","12288000000",,,"26732995617.032257","4455499269.505376","10181533696","0","23622579893.67742","3937096648.9462366","9133191168","0"
,"4096000000","12288000000",,,"26706510484.64516","4450039785.978495","10220613632","0","23588962304","3931493717.333333","9045479424","0"
,"4096000000","12288000000",,,"26705483542.572044","4450913923.762007","10256912384","0","23594867952.03441","3932477992.0057344","8675381248","0"
,"4096000000","12288000000",,,"26545528792.36129","4424254798.726882","10033786880","0","23434723182.658066","3909761486.451613","8766697472","0"
,"4096000000","12288000000",,,"27151245179.87097","4525207529.978495","9935138816","0","23799412934.19355","3966568822.3655915","8424538112","0"
,"4096000000","12288000000",,,"27629772139.354836","4604962023.225805","10107977728","0","23875573693.935482","3979262282.322581","8295321600","0"
,"4096000000","12288000000",,,"28090654191.48387","4681775698.580646","10261463040","0","23931926990.451614","3988654498.4086018","8569507840","0"
,"4096000000","12288000000",,,"28566581512.258064","4761096918.709678","10455740416","0","23997443567.48387","3999573927.9139786","8411275264","0"
,"4096000000","12288000000",,,"28973481191.225807","4828913531.870968","10397892608","0","24004962105.80645","4000827017.634408","8703442944","0"
,"4096000000","12288000000",,,"29322236432.516132","4887039405.419355","10727739392","0","23945830928.51613","3990971821.4193554","8319643648","0"
,"4096000000","12288000000",,,"29842163645.935482","4973693940.989246","10819424256","0","24061146277.16129","4010191046.193548","8520142848","0"
,"4096000000","12288000000",,,"30226006148.12903","5037667691.354837","11121524736","0","24039373526.709675","4006562254.4516125","8515534848","0"
,"4096000000","12288000000",,,"30492731325.935486","5082121887.655914","11104317440","0","23901581840.516132","3983596973.4193554","8411377664","0"
,"4096000000","12288000000",,,"31029385810.58064","5171564301.76344","11195367424","0","24036405776.51613","4006067629.4193544","8556642304","0"
,"4096000000","12288000000",,,"31473241319.225803","5245540219.870968","11220361216","0","24080167836.90323","4013361306.150538","8460423168","0"
,"4096000000","12288000000",,,"31756748866.064514","5292791477.677419","11503415296","0","24004621609.29032","4000770268.215054","8457003008","0"
,"4096000000","12288000000",,,"26847812839.225807","4474635473.204302","9790046208","0","23666153273.806454","3944358878.967742","8362971136","0"
,"4096000000","12288000000",,,"26809437150.967735","4468239525.161289","9817739264","0","23594660897.032257","3932443482.8387103","8309116928","0"
,"4096000000","12288000000",,,"26921323090.580643","4486887181.763441","9937379328","0","23670717803.354843","3945119633.8924737","8316321792","0"
,"4096000000","12288000000",,,"26921396818.58065","4486899469.763441","10280042496","0","23636044370.580643","3939340728.4301076","8554881024","0"
,"4096000000","12288000000",,,"26983360710.193554","4497226785.032259","9912799232","0","23663619303.225803","3943936550.537634","8450179072","0"
,"4096000000","12288000000",,,"27024196905.29033","4504032817.548388","9942888448","0","23669972595.612904","3944995432.6021504","8280092672","0"
,"4096000000","12288000000",,,"27066250933.67742","4511041822.27957","10025369600","0","23677026304","3946171050.666667","8264179712","0"
,"4096000000","12288000000",,,"27109990796.3871","4518331799.39785","9865826304","0","23686430191.48387","3947738365.2473116","8279953408","0"
,"4096000000","12288000000",,,"27120232117.677414","4520038686.27957","10367070208","0","23660973683.612907","3943495613.935484","8577916928","0"
,"4096000000","12288000000",,,"27173411410.580647","4528901901.76344","10122215424","0","23680014137.80645","3946669022.967741","8316661760","0"
,"4096000000","12288000000",,,"27216918990.451614","4536153165.07527","10057285632","0","23687437543.225803","3947906257.204301","8245227520","0"
,"4096000000","12288000000",,,"27130064763.870964","4521677460.645161","9905438720","0","23564375997.935482","3927395999.655914","8501284864","0"
,"4096000000","12288000000",,,"26459511114.32258","4409918519.053763","9591459840","0","23307285272.774193","3884547545.4623656","8055164928","0"
,"4096000000","12288000000",,,"26425221780.64516","4408706028.914696","9570320384","0","23315383725.419353","3885897287.569893","8249602048","0"
,"4096000000","12288000000",,,"26411577956.197845","4401929659.366308","9569845248","0","23274814091.836563","3879135681.97276","7971074048","0"
,"4096000000","12288000000",,,"26445691738.83871","4407615289.806452","9650642944","0","23308954723.09677","3884825787.1827946","8006561792","0"
,"4096000000","12288000000",,,"26422594130.580647","4403765688.430107","9570267136","0","23285884333.419353","3880980722.236559","8059547648","0"
,"4096000000","12288000000",,,"26481248189.93548","4413541364.989247","9730908160","0","23344013179.870968","3890668863.3118277","8158982144","0"
,"4096000000","12288000000",,,"26401157252.129036","4400192875.354839","9591898112","0","23263956727.741936","3877326121.290323","8009060352","0"
,"4096000000","12288000000",,,"26448498159.48387","4408083026.580645","9604587520","0","23310819063.741936","3885136510.6236553","8059514880","0"
,"4096000000","12288000000",,,"26391022955.35484","4398503825.892474","9591332864","0","23253662951.225807","3875610491.870968","8023527424","0"
,"4096000000","12288000000",,,"26399486216.258068","4399914369.376345","9591631872","0","23263934662.193546","3877322443.6989245","7992348672","0"
,"4096000000","12288000000",,,"26415139674.838715","4402523279.139786","9611382784","0","23280906900.645164","3880151150.1075273","8121864192","0"
,"4096000000","12288000000",,,"26323374608.51613","4387229101.419354","9556471808","0","23189315451.870964","3864885908.6451607","8098455552","0"
,"4096000000","12288000000",,,"26670044853.67742","4445007475.612904","9465393152","0","23507152103.225807","3917858683.870968","7935414272","0"
,"4096000000","12288000000",,,"26691191048.258064","4448531841.376344","9465802752","0","23528336879.48387","3921389479.9139776","7879307264","0"
,"4096000000","12288000000",,,"26692773821.935486","4448795636.989247","9466757120","0","23529666493.935482","3921611082.3225803","7879659520","0"
,"4096000000","12288000000",,,"26693809185.03226","4448968197.505377","9466654720","0","23530047554.064518","3921674592.344086","7879757824","0"
,"4096000000","12288000000",,,"26693491150.451614","4448915191.741937","9465589760","0","23530440770.064518","3921740128.344086","7879979008","0"
,"4096000000","12288000000",,,"26693205355.354836","4448867559.225806","9465700352","0","23530826851.09677","3921804475.1827955","7880089600","0"
,"4096000000","12288000000",,,"26693202316.387093","4448867052.731181","9466327040","0","23531288377.80645","3921881396.301075","7880310784","0"
,"4096000000","12288000000",,,"26693854241.032257","4448975706.83871","9466265600","0","23531749904.51613","3921958317.419354","7880351744","0"
,"4096000000","12288000000",,,"26695386145.032257","4449231024.172043","9466585088","0","23532194650.838707","3922032441.8064513","7880630272","0"
,"4096000000","12288000000",,,"26694092998.19355","4449015499.698924","9465942016","0","23532467365.161293","3922077894.193549","7880646656","0"
,"4096000000","12288000000",,,"26692607471.48387","4448767911.913979","9465282560","0","23532503700.64516","3922083950.107527","7880802304","0"
,"4096000000","12288000000",,,"26692071688.25806","4448678614.709677","9466449920","0","23532765844.645157","3922127640.774193","7880892416","0"
,"4096000000","12288000000",,,"34491315365.161285","5748552560.860215","14736154624","0","31215014812.903225","5202502468.8172035","13305860096","0"
,"4096000000","12288000000",,,"35234257886.96774","5872376314.494623","14570094592","0","31949776697.80645","5324962782.967742","12853907456","0"
,"4096000000","12288000000",,,"34649089880.636566","5774848313.439426","14565322752","0","31361740443.25161","5226956740.541935","12830556160","0"
,"4096000000","12288000000",,,"35339637264.51613","5889939544.086021","14474412032","0","32048664972.387093","5341444162.064516","12741808128","0"
,"4096000000","12288000000",,,"35486666619.870964","5914444436.645161","14400831488","0","32197843142.19355","5366307190.365592","12903428096","0"
,"4096000000","12288000000",,,"35665536693.67742","5944256115.612904","14899675136","0","32374846497.032257","5395807749.505377","13177884672","0"
,"4096000000","12288000000",,,"35308283837.935486","5884713972.989248","14142038016","0","32012253382.19355","5335375563.698925","12741406720","0"
,"4096000000","12288000000",,,"35611718160.51613","5935286360.086022","14398660608","0","32313270289.617207","5385545048.269535","12669095936","0"
,"4096000000","12288000000",,,"35550262040.77419","5925043673.462366","14464520192","0","32252392481.032257","5375398746.83871","13553123328","0"
,"4096000000","12288000000",,,"34927667794.58064","5821277965.763441","14346731520","0","31632777480.258057","5272129580.043011","13697638400","0"
,"4096000000","12288000000",,,"35590152324.129036","5931692054.021505","14696251392","0","32292826871.74193","5382137811.956988","12964163584","0"
,"4096000000","12288000000",,,"35151454472.258064","5858575745.376344","14911049728","0","31854820583.225807","5309136763.870967","13994168320","0"
,"4096000000","12288000000",,,"6376225701.690132","708469522.4100147","14210064384","0","6036163279.734393","670684808.859377","12485963776","0"
,"4096000000","12288000000",,,"3400290171.870968","566715028.6451614","1382764544","0","3336566321.5483875","556094386.9247313","1352536064","0"
,"4096000000","12288000000",,,"3286430224.5161295","547738370.7526883","1384472576","0","3221654891.3548384","536942481.8924731","1372667904","0"
,"4096000000","12288000000",,,"3228069755.870968","538011625.9784946","1385009152","0","3169455467.3548393","528242577.89247316","1352699904","0"
,"4096000000","12288000000",,,"3289735564.387097","548289260.7311828","1503821824","0","3195607238.193548","532601206.3655914","1490042880","0"
,"4096000000","12288000000",,,"3446843854.4516134","574473975.7419355","1500700672","0","3388402919.2258067","564733819.8709677","1486946304","0"
,"4096000000","12288000000",,,"3299719498.3225803","549953249.7204301","1507475456","0","3241199682.0645156","540199947.0107527","1487708160","0"
,"4096000000","12288000000",,,"3507853642.32258","584642273.7204299","1503666176","0","3447156471.7419357","574526078.6236559","1489612800","0"
,"4096000000","12288000000",,,"3331889218.064516","555314869.6774194","1482493952","0","3266618004.645161","544436334.1075268","1469399040","0"
,"4096000000","12288000000",,,"3433120668.9032254","572186778.1505376","1485778944","0","3374970021.16129","562495003.5268817","1471258624","0"
,"4096000000","12288000000",,,"3272112590.4516125","545352098.4086021","1503305728","0","3210311085.4193544","535051847.5698924","1490042880","0"
,"4096000000","12288000000",,,"3529525974.7096777","588254329.1182796","1517223936","0","3466728348.903226","577788058.1505376","1489506304","0"
,"4096000000","12288000000",,,"8337365410.408604","1389560901.7347672","5994971136","0","8170652823.948389","1361775470.6580646","5914808320","0"
,"4096000000","12288000000",,,"9011464997.987099","1501910832.9978497","5853093888","0","8818990381.694622","1462191048.9462364","5781991424","0"
,"4096000000","12288000000",,,"9717984355.096775","1619664059.1827958","5973524480","0","9511975374.45161","1585329229.0752685","5905788928","0"
,"4096000000","12288000000",,,"9105426365.935484","1517571060.9892473","5564125184","0","8907377630.967743","1484562938.494624","5491605504","0"
,"4096000000","12288000000",,,"9622266384.516129","1603711064.0860217","6109773824","0","9411164622.451612","1568527437.0752687","6038290432","0"
,"4096000000","12288000000",,,"9575584140.387096","1595930690.0645163","5593128960","0","9359317850.83871","1559886308.4731183","5519482880","0"
,"4096000000","12288000000",,,"9416719855.483871","1569453309.2473118","5483880448","0","9204286364.903227","1534047727.4838712","5380816896","0"
,"4096000000","12288000000",,,"9415135364.129034","1569189227.354839","6194167808","0","9192317852.903225","1532052975.483871","6116429824","0"
,"4096000000","12288000000",,,"9361512117.677422","1560252019.6129036","5412962304","0","9144032751.48387","1524005458.5806448","5318868992","0"
,"4096000000","12288000000",,,"9614912346.838709","1602485391.1397848","5096787968","0","9392858673.548388","1565476445.5913978","5016576000","0"
,"4096000000","12288000000",,,"9813471496.258064","1635578582.7096775","5532110848","0","9584448809.290323","1597408134.8817205","5451603968","0"
,"4096000000","12288000000",,,"9847930351.483871","1641321725.247312","6480920576","0","9605057370.83871","1600842895.1397848","6394990592","0"
,"4096000000","12288000000",,,"5037976542.967742","839662757.1612904","4756512768","0","4918772504.774194","819795417.4623655","4667052032","0"
,"4096000000","12288000000",,,"4370565714.580646","728427619.0967742","2085920768","0","4269529682.5806446","711588280.4301074","2054479872","0"
,"4096000000","12288000000",,,"4278546167.7419357","713091027.9569892","2086780928","0","4178235524.1290326","696372587.3548386","2054770688","0"
,"4096000000","12288000000",,,"4402732527.483871","733788754.5806452","2091716608","0","4301794667.354838","716965777.892473","2059849728","0"
,"4096000000","12288000000",,,"4392886139.870968","732147689.9784948","2091855872","0","4292558583.7419357","715426430.6236559","2059927552","0"
,"4096000000","12288000000",,,"4418026859.354838","736337809.892473","2088730624","0","4317531102.967742","719588517.1612904","2055507968","0"
,"4096000000","12288000000",,,"4353904772.129032","725650795.3548387","2073444352","0","4253438876.903226","708906479.483871","2037583872","0"
,"4096000000","12288000000",,,"4341384489.290322","723564081.548387","2092736512","0","4243569234.5806456","707261539.0967742","2060505088","0"
,"4096000000","12288000000",,,"4319532857.806452","719922142.9677418","2001588224","0","4221789613.4193544","703631602.236559","1967898624","0"
,"4096000000","12288000000",,,"4441062499.096775","740177083.1827959","2076041216","0","4343374616.774193","723895769.4623655","2042527744","0"
,"4096000000","12288000000",,,"4304881730.064516","717480288.344086","2074832896","0","4207530644.6451616","701255107.4408603","2043224064","0"
,"4096000000","12288000000",,,"4443642714.83871","740607119.1397849","2092769280","0","4345779629.419354","724296604.9032257","2060902400","0"
,"4096000000","12288000000",,,"25737974288.51613","4289662381.4193544","17408147456","0","25519679554.06451","4253279925.6774178","17305464832","0"
,"4096000000","12288000000",,,"30333246298.838707","5055541049.806451","17291403264","0","30093582732.387093","5015597122.064516","17198182400","0"
,"4096000000","12288000000",,,"32426955989.608604","5404492664.934767","18505981952","0","32187862507.079575","5364643751.17993","18387394560","0"
,"4096000000","12288000000",,,"33295275565.14409","5549212594.190681","18068512768","0","33054145648.309677","5462149009.892473","17962352640","0"
,"4096000000","12288000000",,,"30834253766.744087","5093547525.505377","17268039680","0","30328544090.838703","5054757348.473118","17161580544","0"
,"4096000000","12288000000",,,"32082548009.290314","5347091334.881721","18041352192","0","31844312097.032257","5307385349.505377","17954267136","0"
,"4096000000","12288000000",,,"30824889971.6129","5137481661.935484","17724583936","0","30584897668.129036","5097482944.688171","17648349184","0"
,"4096000000","12288000000",,,"31320490380.38709","5220081730.064514","17365266432","0","31082141762.064514","5180356960.344086","17283653632","0"
,"4096000000","12288000000",,,"31775723916.387096","5295953986.064516","18279129088","0","31539486852.129036","5256581142.021505","18183684096","0"
,"4096000000","12288000000",,,"30596858120.258068","5099476353.376345","17637462016","0","30351217697.03226","5058536282.83871","17526788096","0"
,"4096000000","12288000000",,,"31126621283.09677","5187770213.849462","18116554752","0","30887722611.612907","5147953768.602151","18024824832","0"
,"4096000000","12288000000",,,"30923393486.451614","5153898914.408603","17687670784","0","30681365074.580643","5113560845.76344","17599545344","0"
,"4096000000","12288000000",,,"14852353255.225807","2475392209.204301","17500151808","0","14483056838.193548","2413842806.365591","17417351168","0"
,"4096000000","12288000000",,,"10391711876.129032","1731951979.3548386","4672598016","0","9599686722.064516","1599947787.0107527","4396802048","0"
,"4096000000","12288000000",,,"10694824464.516129","1782470744.0860214","5665992704","0","9467600896","1577933482.6666665","5260533760","0"
,"4096000000","12288000000",,,"11114186157.419353","1852364359.5698922","4869677056","0","9451594785.032259","1575265797.5053763","4356304896","0"
,"4096000000","12288000000",,,"11751738467.096775","1958623077.8494625","5861216256","0","9653128687.483871","1608854781.2473118","5110956032","0"
,"4096000000","12288000000",,,"12090493918.967741","2015082319.8279572","5307129856","0","9560593705.290321","1593432284.2150538","4379697152","0"
,"4096000000","12288000000",,,"12387589615.483871","2064598269.2473118","5708136448","0","9435568986.83871","1572594831.1397855","4663144448","0"
,"4096000000","12288000000",,,"12855718812.903225","2142619802.1505373","5874941952","0","9475452928","1579242154.6666665","4760567808","0"
,"4096000000","12288000000",,,"13213660060.903227","2202276676.8172045","5865775104","0","9412308199.225807","1568718033.2043009","4503932928","0"
,"4096000000","12288000000",,,"13688838738.580647","2281473123.0967746","6097575936","0","9477675206.193548","1579612534.3655915","4648620032","0"
,"4096000000","12288000000",,,"13850894071.741938","2308482345.290323","5690048512","0","9241318565.16129","1540219760.860215","4136751104","0"
,"4096000000","12288000000",,,"14507218481.548386","2417869746.924731","6061080576","0","9498066944","1583011157.3333333","4327743488","0"
,"4096000000","12288000000",,,"9321284614.606451","1553547435.767742","6226108416","0","7804971148.9376335","1300828524.822939","4643942400","0"
,"4096000000","12288000000",,,"7489308605.935484","1248218100.989247","3108630528","0","6906253179.870968","1151042196.6451614","2916130816","0"
,"4096000000","12288000000",,,"8135185308.903226","1355864218.1505375","3112345600","0","7550420133.161291","1258403355.5268817","2915352576","0"
,"4096000000","12288000000",,,"8213246216.258065","1368874369.3763442","3095396352","0","7628328431.483871","1271388071.9139786","2904252416","0"
,"4096000000","12288000000",,,"7814906252.387096","1302484375.3978496","3076612096","0","7229796087.741934","1204966014.6236558","2883702784","0"
,"4096000000","12288000000",,,"8289364298.322578","1381560716.3870966","3112878080","0","7702932711.225805","1283822118.5376341","2915495936","0"
,"4096000000","12288000000",,,"8127006548.232258","1354501091.3720431","3130286080","0","7541447382.709677","1256907897.1182795","2934603776","0"
